ablation,variant,auc,auc_std,n,rate,width,lo,hi,probe_frac,truth,note,width_std,coverage,train,test,n_train,n_test,model
1_signal_isolation,est_dropped_mean_Lmean,0.8359055410933431,,3345.0,,,,,,,,,,,,,,
1_signal_isolation,est_dropped_max_Lmax,0.8192888937768142,,3345.0,,,,,,,,,,,,,,
1_signal_isolation,consensus_est_Lmean,0.8322813585610754,,3345.0,,,,,,,,,,,,,,
1_signal_isolation,fully_dropped_est_Lmean,0.8318726246950086,,3345.0,,,,,,,,,,,,,,
1_signal_isolation,sparse_margin,0.8717080200273926,,3345.0,,,,,,,,,,,,,,
1_signal_isolation,sparse_entropy_Lmean,0.44662876760786946,,3345.0,,,,,,,,,,,,,,
1_signal_isolation,est_dropped_mean_Lstd,0.828073270505855,,3345.0,,,,,,,,,,,,,,
1_signal_isolation,ALL (grouped 5-fold CV),0.9192623486942377,0.007268218876101749,3345.0,,,,,,,,,,,,,,
1_signal_isolation,dropped-mass only (grouped CV),0.8284358612518095,0.015032826235148993,3345.0,,,,,,,,,,,,,,
1_leave_one_out,without est_dropped_mean_Lmean,0.9192767702079406,0.007268468388572888,3345.0,,,,,,,,,,,,,,
1_leave_one_out,without est_dropped_max_Lmax,0.9193970071534775,0.006897686759195762,3345.0,,,,,,,,,,,,,,
1_leave_one_out,without consensus_est_Lmean,0.9193101303168814,0.007322440427443726,3345.0,,,,,,,,,,,,,,
1_leave_one_out,without fully_dropped_est_Lmean,0.9193437154233924,0.00730531612342141,3345.0,,,,,,,,,,,,,,
1_leave_one_out,without sparse_margin,0.8292624051472572,0.010202194381172881,3345.0,,,,,,,,,,,,,,
1_leave_one_out,without sparse_entropy_Lmean,0.9197838956569122,0.007059723541744028,3345.0,,,,,,,,,,,,,,
1_leave_one_out,without est_dropped_mean_Lstd,0.9183719965997221,0.007663372380955025,3345.0,,,,,,,,,,,,,,
2_verification_rate,rate=0,,,,0.0,1.0,0.0,1.0,0.0,0.1961136023916293,unverified sparse (status quo),,,,,,,
2_verification_rate,rate=0.01,,,,0.01,0.5102399937483822,0.0,0.5102399937483822,0.009417040358744395,0.1961136023916293,,,,,,,,
2_verification_rate,rate=0.02,,,,0.02,0.4126463249287157,0.01719443327958266,0.4298407582082984,0.019805680119581465,0.1961136023916293,,,,,,,,
2_verification_rate,rate=0.05,,,,0.05,0.24311960518409567,0.07097522334373003,0.3140948285278257,0.04862979571499751,0.1961136023916293,,,,,,,,
2_verification_rate,rate=0.1,,,,0.1,0.17782225479299796,0.1166221787807755,0.2944444335737734,0.1002740408570005,0.1961136023916293,,,,,,,,
2_verification_rate,rate=0.2,,,,0.2,0.12123551670807892,0.13024633344095818,0.25148185014903707,0.2003986048829098,0.1961136023916293,,,,,,,,
2_verification_rate,rate=0.5,,,,0.5,0.07736173584593065,0.15082986077627358,0.22819159662220426,0.5048081714000997,0.1961136023916293,,,,,,,,
2_verification_rate,rate=1,,,,1.0,0.05391105610161728,0.1576996488852476,0.21161070498686488,1.0,0.1961136023916293,full dense verification,,,,,,,
3_fixed_vs_adaptive,fixed,,,,0.02,0.4041791914192408,,,0.01976083707025411,0.1961136023916293,,0.06074726126935062,1.0,,,,,
3_fixed_vs_adaptive,adaptive(floor=p),,,,0.02,0.3292975010897052,,,0.02863976083707025,0.1961136023916293,,0.0445559167258194,1.0,,,,,
3_fixed_vs_adaptive,adaptive(floor=p/4),,,,0.02,0.6548560903428244,,,0.02112107623318386,0.1961136023916293,,0.058307948043597776,1.0,,,,,
3_fixed_vs_adaptive,fixed,,,,0.05,0.24749666437473294,,,0.04896860986547085,0.1961136023916293,,0.019246579278775003,1.0,,,,,
3_fixed_vs_adaptive,adaptive(floor=p),,,,0.05,0.18808532331989067,,,0.07267563527653212,0.1961136023916293,,0.01787158965010681,1.0,,,,,
3_fixed_vs_adaptive,adaptive(floor=p/4),,,,0.05,0.3791183024672646,,,0.0541255605381166,0.1961136023916293,,0.03117021835058771,1.0,,,,,
3_fixed_vs_adaptive,fixed,,,,0.1,0.17550980760527546,,,0.10031390134529147,0.1961136023916293,,0.011086755458898746,1.0,,,,,
3_fixed_vs_adaptive,adaptive(floor=p),,,,0.1,0.12801888795950628,,,0.14606875934230196,0.1961136023916293,,0.00880438201111082,1.0,,,,,
3_fixed_vs_adaptive,adaptive(floor=p/4),,,,0.1,0.21080819868768902,,,0.10756352765321373,0.1961136023916293,,0.013503105837298024,1.0,,,,,
3_fixed_vs_adaptive,fixed,,,,0.2,0.12239555890929757,,,0.2007324364723468,0.1961136023916293,,0.005997803265442932,1.0,,,,,
3_fixed_vs_adaptive,adaptive(floor=p),,,,0.2,0.08702492014062235,,,0.2921375186846039,0.1961136023916293,,0.005029382687401143,1.0,,,,,
3_fixed_vs_adaptive,adaptive(floor=p/4),,,,0.2,0.12346588878474814,,,0.21606875934230194,0.1961136023916293,,0.009437118418212239,1.0,,,,,
5_transfer_model,,0.897030947466813,,,,,,,,,,,,0.5b,0.5b,2035.0,2035.0,
5_transfer_model,,0.9203053995954613,,,,,,,,,,,,0.5b,1.5b,2035.0,3345.0,
5_transfer_model,,0.8955229079762081,,,,,,,,,,,,1.5b,0.5b,3345.0,2035.0,
5_transfer_model,,0.9228513410552476,,,,,,,,,,,,1.5b,1.5b,3345.0,3345.0,
5_transfer_family,,0.9705882352941178,,,,,,,,,,,,coreference,coreference,35.0,35.0,0.5b
5_transfer_family,,0.709964859437751,,,,,,,,,,,,coreference,longform,35.0,825.0,0.5b
5_transfer_family,,0.8931623931623932,,,,,,,,,,,,coreference,multi_entity,35.0,45.0,0.5b
5_transfer_family,,0.9753086419753086,,,,,,,,,,,,coreference,multi_hop,35.0,30.0,0.5b
5_transfer_family,,0.855831752055661,,,,,,,,,,,,coreference,reasoning,35.0,1100.0,0.5b
5_transfer_family,,0.911764705882353,,,,,,,,,,,,longform,coreference,825.0,35.0,0.5b
5_transfer_family,,0.8222333779562695,,,,,,,,,,,,longform,longform,825.0,825.0,0.5b
5_transfer_family,,0.9572649572649572,,,,,,,,,,,,longform,multi_entity,825.0,45.0,0.5b
5_transfer_family,,1.0,,,,,,,,,,,,longform,multi_hop,825.0,30.0,0.5b
5_transfer_family,,0.9283997469955724,,,,,,,,,,,,longform,reasoning,825.0,1100.0,0.5b
5_transfer_family,,0.9705882352941178,,,,,,,,,,,,multi_entity,coreference,45.0,35.0,0.5b
5_transfer_family,,0.7889125948237394,,,,,,,,,,,,multi_entity,longform,45.0,825.0,0.5b
5_transfer_family,,0.9829059829059829,,,,,,,,,,,,multi_entity,multi_entity,45.0,45.0,0.5b
5_transfer_family,,0.9506172839506173,,,,,,,,,,,,multi_entity,multi_hop,45.0,30.0,0.5b
5_transfer_family,,0.9335989879822897,,,,,,,,,,,,multi_entity,reasoning,45.0,1100.0,0.5b
5_transfer_family,,0.911764705882353,,,,,,,,,,,,multi_hop,coreference,30.0,35.0,0.5b
5_transfer_family,,0.7928589357429718,,,,,,,,,,,,multi_hop,longform,30.0,825.0,0.5b
5_transfer_family,,0.9529914529914529,,,,,,,,,,,,multi_hop,multi_entity,30.0,45.0,0.5b
5_transfer_family,,1.0,,,,,,,,,,,,multi_hop,multi_hop,30.0,30.0,0.5b
5_transfer_family,,0.9154585705249841,,,,,,,,,,,,multi_hop,reasoning,30.0,1100.0,0.5b
5_transfer_family,,0.911764705882353,,,,,,,,,,,,reasoning,coreference,1100.0,35.0,0.5b
5_transfer_family,,0.8044957608210619,,,,,,,,,,,,reasoning,longform,1100.0,825.0,0.5b
5_transfer_family,,0.9786324786324787,,,,,,,,,,,,reasoning,multi_entity,1100.0,45.0,0.5b
5_transfer_family,,0.9506172839506173,,,,,,,,,,,,reasoning,multi_hop,1100.0,30.0,0.5b
5_transfer_family,,0.940809614168248,,,,,,,,,,,,reasoning,reasoning,1100.0,1100.0,0.5b
5_transfer_method,,0.897030947466813,,,,,,,,,,,,quest_topk,quest_topk,2035.0,2035.0,0.5b
5_transfer_budget,,0.7803506208911615,,,,,,,,,,,,0.03125,0.03125,407.0,407.0,0.5b
5_transfer_budget,,0.7900563270313982,,,,,,,,,,,,0.03125,0.0625,407.0,407.0,0.5b
5_transfer_budget,,0.8100313768918421,,,,,,,,,,,,0.03125,0.125,407.0,407.0,0.5b
5_transfer_budget,,0.8404067197170646,,,,,,,,,,,,0.03125,0.25,407.0,407.0,0.5b
5_transfer_budget,,0.9056670602125148,,,,,,,,,,,,0.03125,0.5,407.0,407.0,0.5b
5_transfer_budget,,0.7783296810323838,,,,,,,,,,,,0.0625,0.03125,407.0,407.0,0.5b
5_transfer_budget,,0.8418660420500809,,,,,,,,,,,,0.0625,0.0625,407.0,407.0,0.5b
5_transfer_budget,,0.8763381321520856,,,,,,,,,,,,0.0625,0.125,407.0,407.0,0.5b
5_transfer_budget,,0.9336870026525199,,,,,,,,,,,,0.0625,0.25,407.0,407.0,0.5b
5_transfer_budget,,0.967650531286895,,,,,,,,,,,,0.0625,0.5,407.0,407.0,0.5b
5_transfer_budget,,0.7041149257365473,,,,,,,,,,,,0.125,0.03125,407.0,407.0,0.5b
5_transfer_budget,,0.6924599854999721,,,,,,,,,,,,0.125,0.0625,407.0,407.0,0.5b
5_transfer_budget,,0.880906238464378,,,,,,,,,,,,0.125,0.125,407.0,407.0,0.5b
5_transfer_budget,,0.9256410256410257,,,,,,,,,,,,0.125,0.25,407.0,407.0,0.5b
5_transfer_budget,,0.969775678866588,,,,,,,,,,,,0.125,0.5,407.0,407.0,0.5b
5_transfer_budget,,0.7280253226199173,,,,,,,,,,,,0.25,0.03125,407.0,407.0,0.5b
5_transfer_budget,,0.811443868161285,,,,,,,,,,,,0.25,0.0625,407.0,407.0,0.5b
5_transfer_budget,,0.8427925433739387,,,,,,,,,,,,0.25,0.125,407.0,407.0,0.5b
5_transfer_budget,,0.9418213969938108,,,,,,,,,,,,0.25,0.25,407.0,407.0,0.5b
5_transfer_budget,,0.9637544273907911,,,,,,,,,,,,0.25,0.5,407.0,407.0,0.5b
5_transfer_budget,,0.5,,,,,,,,,,,,0.5,0.03125,407.0,407.0,0.5b
5_transfer_budget,,0.4858345881434387,,,,,,,,,,,,0.5,0.0625,407.0,407.0,0.5b
5_transfer_budget,,0.40992986341823556,,,,,,,,,,,,0.5,0.125,407.0,407.0,0.5b
5_transfer_budget,,0.6183023872679045,,,,,,,,,,,,0.5,0.25,407.0,407.0,0.5b
5_transfer_budget,,0.9675324675324676,,,,,,,,,,,,0.5,0.5,407.0,407.0,0.5b
5_transfer_family,,0.9841269841269842,,,,,,,,,,,,coreference,coreference,75.0,75.0,1.5b
5_transfer_family,,0.8596862232752799,,,,,,,,,,,,coreference,longform,75.0,1360.0,1.5b
5_transfer_family,,0.975609756097561,,,,,,,,,,,,coreference,multi_entity,75.0,45.0,1.5b
5_transfer_family,,1.0,,,,,,,,,,,,coreference,multi_hop,75.0,45.0,1.5b
5_transfer_family,,0.9410487153095816,,,,,,,,,,,,coreference,reasoning,75.0,1820.0,1.5b
5_transfer_family,,0.9894179894179894,,,,,,,,,,,,longform,coreference,1360.0,75.0,1.5b
5_transfer_family,,0.873246492985972,,,,,,,,,,,,longform,longform,1360.0,1360.0,1.5b
5_transfer_family,,1.0,,,,,,,,,,,,longform,multi_entity,1360.0,45.0,1.5b
5_transfer_family,,0.9878048780487806,,,,,,,,,,,,longform,multi_hop,1360.0,45.0,1.5b
5_transfer_family,,0.9499579796224775,,,,,,,,,,,,longform,reasoning,1360.0,1820.0,1.5b
5_transfer_family,,0.9761904761904762,,,,,,,,,,,,multi_entity,coreference,45.0,75.0,1.5b
5_transfer_family,,0.8450353746166366,,,,,,,,,,,,multi_entity,longform,45.0,1360.0,1.5b
5_transfer_family,,1.0,,,,,,,,,,,,multi_entity,multi_entity,45.0,45.0,1.5b
5_transfer_family,,0.9329268292682927,,,,,,,,,,,,multi_entity,multi_hop,45.0,45.0,1.5b
5_transfer_family,,0.9381261744459448,,,,,,,,,,,,multi_entity,reasoning,45.0,1820.0,1.5b
5_transfer_family,,0.9312169312169313,,,,,,,,,,,,multi_hop,coreference,45.0,75.0,1.5b
5_transfer_family,,0.7954666238554458,,,,,,,,,,,,multi_hop,longform,45.0,1360.0,1.5b
5_transfer_family,,0.9146341463414633,,,,,,,,,,,,multi_hop,multi_entity,45.0,45.0,1.5b
5_transfer_family,,1.0,,,,,,,,,,,,multi_hop,multi_hop,45.0,45.0,1.5b
5_transfer_family,,0.8804236976043662,,,,,,,,,,,,multi_hop,reasoning,45.0,1820.0,1.5b
5_transfer_family,,0.9788359788359787,,,,,,,,,,,,reasoning,coreference,1820.0,75.0,1.5b
5_transfer_family,,0.8707663946677886,,,,,,,,,,,,reasoning,longform,1820.0,1360.0,1.5b
5_transfer_family,,1.0,,,,,,,,,,,,reasoning,multi_entity,1820.0,45.0,1.5b
5_transfer_family,,0.9878048780487806,,,,,,,,,,,,reasoning,multi_hop,1820.0,45.0,1.5b
5_transfer_family,,0.9493394774364736,,,,,,,,,,,,reasoning,reasoning,1820.0,1820.0,1.5b
5_transfer_method,,0.9228513410552476,,,,,,,,,,,,quest_topk,quest_topk,3345.0,3345.0,1.5b
5_transfer_budget,,0.8416555982338371,,,,,,,,,,,,0.03125,0.03125,669.0,669.0,1.5b
5_transfer_budget,,0.8682953127973108,,,,,,,,,,,,0.03125,0.0625,669.0,669.0,1.5b
5_transfer_budget,,0.871919191919192,,,,,,,,,,,,0.03125,0.125,669.0,669.0,1.5b
5_transfer_budget,,0.9166925586453316,,,,,,,,,,,,0.03125,0.25,669.0,669.0,1.5b
5_transfer_budget,,0.907751937984496,,,,,,,,,,,,0.03125,0.5,669.0,669.0,1.5b
5_transfer_budget,,0.8323042682270165,,,,,,,,,,,,0.0625,0.03125,669.0,669.0,1.5b
5_transfer_budget,,0.8949449248398487,,,,,,,,,,,,0.0625,0.0625,669.0,669.0,1.5b
5_transfer_budget,,0.8894500561167228,,,,,,,,,,,,0.0625,0.125,669.0,669.0,1.5b
5_transfer_budget,,0.9451996271555072,,,,,,,,,,,,0.0625,0.25,669.0,669.0,1.5b
5_transfer_budget,,0.9429586563307494,,,,,,,,,,,,0.0625,0.5,669.0,669.0,1.5b
5_transfer_budget,,0.7042843809455432,,,,,,,,,,,,0.125,0.03125,669.0,669.0,1.5b
5_transfer_budget,,0.8418042664749783,,,,,,,,,,,,0.125,0.0625,669.0,669.0,1.5b
5_transfer_budget,,0.9092704826038159,,,,,,,,,,,,0.125,0.125,669.0,669.0,1.5b
5_transfer_budget,,0.941937237843716,,,,,,,,,,,,0.125,0.25,669.0,669.0,1.5b
5_transfer_budget,,0.9371447028423773,,,,,,,,,,,,0.125,0.5,669.0,669.0,1.5b
5_transfer_budget,,0.669450227949887,,,,,,,,,,,,0.25,0.03125,669.0,669.0,1.5b
5_transfer_budget,,0.815699063405146,,,,,,,,,,,,0.25,0.0625,669.0,669.0,1.5b
5_transfer_budget,,0.8637261503928171,,,,,,,,,,,,0.25,0.125,669.0,669.0,1.5b
5_transfer_budget,,0.946015224483455,,,,,,,,,,,,0.25,0.25,669.0,669.0,1.5b
5_transfer_budget,,0.9372093023255814,,,,,,,,,,,,0.25,0.5,669.0,669.0,1.5b
5_transfer_budget,,0.5167013676993215,,,,,,,,,,,,0.5,0.03125,669.0,669.0,1.5b
5_transfer_budget,,0.6966954903909173,,,,,,,,,,,,0.5,0.0625,669.0,669.0,1.5b
5_transfer_budget,,0.783973063973064,,,,,,,,,,,,0.5,0.125,669.0,669.0,1.5b
5_transfer_budget,,0.8866319714152555,,,,,,,,,,,,0.5,0.25,669.0,669.0,1.5b
5_transfer_budget,,0.9401808785529716,,,,,,,,,,,,0.5,0.5,669.0,669.0,1.5b
